{"cameraMode":{"drawMode":0,"name":"Shaded","section":"Shading Mode"},"sceneLighting":false,"audioPlay":false,"sceneViewState":{"showFog":true,"showMaterialUpdate":false,"showSkybox":false,"showFlares":true,"showImageEffects":true,"showParticleSystems":true},"in2DMode":false,"pivot":{"x":0.561086118221283,"y":-0.3863155245780945,"z":1.5912079811096192},"rotation":{"x":0.11210278421640396,"y":0.13520283997058869,"z":-0.015397489070892334,"w":0.9843365550041199},"size":1.317340612411499,"orthographic":false}