{"cameraMode":{"drawMode":0,"name":"Shaded","section":"Shading Mode"},"sceneLighting":true,"audioPlay":false,"sceneViewState":{"showFog":true,"showMaterialUpdate":false,"showSkybox":false,"showFlares":true,"showImageEffects":true,"showParticleSystems":true},"in2DMode":false,"pivot":{"x":0.0765523910522461,"y":0.4812450408935547,"z":-0.07674169540405274},"rotation":{"x":0.4478819966316223,"y":-0.004024449735879898,"z":0.0020104432478547098,"w":0.8940891623497009},"size":8.846172332763672,"orthographic":false}