{"cameraMode":{"drawMode":0,"name":"Shaded","section":"Shading Mode"},"sceneLighting":false,"audioPlay":false,"sceneViewState":{"showFog":true,"showMaterialUpdate":false,"showSkybox":false,"showFlares":true,"showImageEffects":true,"showParticleSystems":true},"in2DMode":false,"pivot":{"x":-1.795520305633545,"y":-5.928413391113281,"z":-0.8854427337646484},"rotation":{"x":-0.5752384662628174,"y":-0.00816867034882307,"z":0.0056037805043160919,"w":-0.8179842233657837},"size":34.04587936401367,"orthographic":false}