{"cameraMode":{"drawMode":0,"name":"Shaded","section":"Shading Mode"},"sceneLighting":false,"audioPlay":false,"sceneViewState":{"showFog":true,"showMaterialUpdate":false,"showSkybox":false,"showFlares":true,"showImageEffects":true,"showParticleSystems":true},"in2DMode":false,"pivot":{"x":-0.5659111738204956,"y":0.5323265194892883,"z":-0.4409978985786438},"rotation":{"x":-0.029821688309311868,"y":0.7168028354644775,"z":-0.030817154794931413,"w":-0.6960230469703674},"size":1.1542906761169434,"orthographic":false}