{"cameraMode":{"drawMode":0,"name":"Shaded","section":"Shading Mode"},"sceneLighting":false,"audioPlay":false,"sceneViewState":{"showFog":true,"showMaterialUpdate":false,"showSkybox":false,"showFlares":true,"showImageEffects":true,"showParticleSystems":true},"in2DMode":false,"pivot":{"x":7.929999828338623,"y":1.2799997329711915,"z":20.389997482299806},"rotation":{"x":-0.6588937044143677,"y":0.010547639802098275,"z":-0.009355260990560055,"w":-0.752165675163269},"size":2.9580423831939699,"orthographic":false}