{"cameraMode":{"drawMode":0,"name":"Shaded","section":"Shading Mode"},"sceneLighting":true,"audioPlay":false,"sceneViewState":{"showFog":true,"showMaterialUpdate":false,"showSkybox":false,"showFlares":true,"showImageEffects":true,"showParticleSystems":true},"in2DMode":false,"pivot":{"x":-0.2020861804485321,"y":-1.023719310760498,"z":0.793764591217041},"rotation":{"x":0.518687903881073,"y":-0.015370816923677922,"z":0.009357758797705174,"w":0.8548089265823364},"size":2.322892189025879,"orthographic":false}