{"cameraMode":{"drawMode":0,"name":"Shaded","section":"Shading Mode"},"sceneLighting":false,"audioPlay":false,"sceneViewState":{"showFog":true,"showMaterialUpdate":false,"showSkybox":false,"showFlares":true,"showImageEffects":true,"showParticleSystems":true},"in2DMode":false,"pivot":{"x":2.0494930744171144,"y":-8.325321197509766,"z":21.217575073242189},"rotation":{"x":0.4491528570652008,"y":-0.016080668196082116,"z":0.008085626177489758,"w":0.8932738304138184},"size":13.193936347961426,"orthographic":false}