{"cameraMode":{"drawMode":0,"name":"Shaded","section":"Shading Mode"},"sceneLighting":false,"audioPlay":false,"sceneViewState":{"showFog":true,"showMaterialUpdate":false,"showSkybox":false,"showFlares":true,"showImageEffects":true,"showParticleSystems":true},"in2DMode":false,"pivot":{"x":-5.205440044403076,"y":1.984472393989563,"z":11.090031623840332},"rotation":{"x":0.08309462666511536,"y":-0.26861771941185,"z":0.02326291799545288,"w":0.9593806266784668},"size":3.751951217651367,"orthographic":false}