{"cameraMode":{"drawMode":0,"name":"Shaded","section":"Shading Mode"},"sceneLighting":false,"audioPlay":false,"sceneViewState":{"showFog":true,"showMaterialUpdate":false,"showSkybox":false,"showFlares":true,"showImageEffects":true,"showParticleSystems":true},"in2DMode":false,"pivot":{"x":1.191668152809143,"y":0.6602140665054321,"z":0.6584489345550537},"rotation":{"x":-0.6279330253601074,"y":0.007404490374028683,"z":-0.006105124484747648,"w":-0.7782676219940186},"size":2.5980992317199709,"orthographic":false}