{"cameraMode":{"drawMode":0,"name":"Shaded","section":"Shading Mode"},"sceneLighting":false,"audioPlay":false,"sceneViewState":{"showFog":true,"showMaterialUpdate":false,"showSkybox":false,"showFlares":true,"showImageEffects":true,"showParticleSystems":true},"in2DMode":false,"pivot":{"x":-0.8097957372665405,"y":0.6775927543640137,"z":0.42255347967147829},"rotation":{"x":0.5825761556625366,"y":-0.0036547367926687004,"z":0.0026253866963088514,"w":0.8127702474594116},"size":1.998099446296692,"orthographic":false}