{"cameraMode":{"drawMode":0,"name":"Shaded","section":"Shading Mode"},"sceneLighting":false,"audioPlay":false,"sceneViewState":{"showFog":true,"showMaterialUpdate":false,"showSkybox":false,"showFlares":true,"showImageEffects":true,"showParticleSystems":true},"in2DMode":false,"pivot":{"x":0.11641708761453629,"y":0.09487199783325196,"z":0.999424934387207},"rotation":{"x":0.6822229027748108,"y":0.07195412367582321,"z":-0.06776195764541626,"w":0.7244367003440857},"size":3.5660250186920168,"orthographic":false}