{"cameraMode":{"drawMode":0,"name":"Shaded","section":"Shading Mode"},"sceneLighting":false,"audioPlay":false,"sceneViewState":{"showFog":true,"showMaterialUpdate":false,"showSkybox":false,"showFlares":true,"showImageEffects":true,"showParticleSystems":true},"in2DMode":false,"pivot":{"x":-0.17959558963775636,"y":0.5090950131416321,"z":-0.06536746025085449},"rotation":{"x":-0.6279330253601074,"y":0.007404490374028683,"z":-0.006105124484747648,"w":-0.7782676219940186},"size":1.998099446296692,"orthographic":false}