{"cameraMode":{"drawMode":0,"name":"Shaded","section":"Shading Mode"},"sceneLighting":true,"audioPlay":false,"sceneViewState":{"showFog":true,"showMaterialUpdate":false,"showSkybox":true,"showFlares":true,"showImageEffects":true,"showParticleSystems":true},"in2DMode":false,"pivot":{"x":1.4963459968566895,"y":23.748443603515626,"z":-2.267683982849121},"rotation":{"x":0.6634276509284973,"y":0.0033667893148958685,"z":-0.0029856243636459114,"w":0.7482293844223023},"size":5.797274112701416,"orthographic":false}