{"cameraMode":{"drawMode":0,"name":"Shaded","section":"Shading Mode"},"sceneLighting":false,"audioPlay":false,"sceneViewState":{"showFog":true,"showMaterialUpdate":false,"showSkybox":false,"showFlares":true,"showImageEffects":true,"showParticleSystems":true},"in2DMode":false,"pivot":{"x":1.1920928955078126e-7,"y":0.1499999761581421,"z":-1.1920928955078126e-7},"rotation":{"x":-0.491594135761261,"y":0.0017852209275588394,"z":-0.001106146490201354,"w":-0.8708750605583191},"size":1.2439857721328736,"orthographic":false}