{"cameraMode":{"drawMode":0,"name":"Shaded","section":"Shading Mode"},"sceneLighting":false,"audioPlay":false,"sceneViewState":{"showFog":true,"showMaterialUpdate":false,"showSkybox":false,"showFlares":true,"showImageEffects":true,"showParticleSystems":true},"in2DMode":false,"pivot":{"x":-0.5131533145904541,"y":0.006733238697052002,"z":-6.897836208343506},"rotation":{"x":0.5629210472106934,"y":-0.0012204158119857312,"z":0.000865248148329556,"w":0.8265455961227417},"size":3.8352508544921877,"orthographic":false}