{"cameraMode":{"drawMode":0,"name":"Shaded","section":"Shading Mode"},"sceneLighting":false,"audioPlay":false,"sceneViewState":{"showFog":true,"showMaterialUpdate":false,"showSkybox":false,"showFlares":true,"showImageEffects":true,"showParticleSystems":true},"in2DMode":false,"pivot":{"x":21.68000030517578,"y":0.818000078201294,"z":-19.30900001525879},"rotation":{"x":0.6778912544250488,"y":0.0033080580178648235,"z":-0.0030507526826113464,"w":0.7351511716842651},"size":1.386145830154419,"orthographic":false}