{"cameraMode":{"drawMode":0,"name":"Shaded","section":"Shading Mode"},"sceneLighting":false,"audioPlay":false,"sceneViewState":{"showFog":true,"showMaterialUpdate":false,"showSkybox":false,"showFlares":true,"showImageEffects":true,"showParticleSystems":true},"in2DMode":false,"pivot":{"x":-1.0245366096496583,"y":0.7016510963439941,"z":0.4915637969970703},"rotation":{"x":0.5825761556625366,"y":-0.0036547367926687004,"z":0.0026253866963088514,"w":0.8127702474594116},"size":1.0980994701385499,"orthographic":false}