{"cameraMode":{"drawMode":0,"name":"Shaded","section":"Shading Mode"},"sceneLighting":false,"audioPlay":false,"sceneViewState":{"showFog":true,"showMaterialUpdate":false,"showSkybox":false,"showFlares":true,"showImageEffects":true,"showParticleSystems":true},"in2DMode":false,"pivot":{"x":-0.18094605207443238,"y":0.9076158404350281,"z":-0.4763655662536621},"rotation":{"x":0.008085280656814576,"y":-0.06087176501750946,"z":-0.000572879274841398,"w":-0.9981561303138733},"size":1.5457096099853516,"orthographic":false}