{"cameraMode":{"drawMode":0,"name":"Shaded","section":"Shading Mode"},"sceneLighting":false,"audioPlay":false,"sceneViewState":{"showFog":true,"showMaterialUpdate":false,"showSkybox":false,"showFlares":true,"showImageEffects":true,"showParticleSystems":true},"in2DMode":false,"pivot":{"x":1.2017822265625,"y":0.931884765625,"z":0.17950439453125},"rotation":{"x":0.6755752563476563,"y":-0.15681448578834535,"z":0.15036216378211976,"w":0.7045620679855347},"size":1.535842776298523,"orthographic":true}