{"cameraMode":{"drawMode":0,"name":"Shaded","section":"Shading Mode"},"sceneLighting":false,"audioPlay":false,"sceneViewState":{"showFog":true,"showMaterialUpdate":false,"showSkybox":false,"showFlares":true,"showImageEffects":true,"showParticleSystems":true},"in2DMode":false,"pivot":{"x":0.0611262321472168,"y":1.4585909843444825,"z":0.5881204605102539},"rotation":{"x":-0.28164932131767275,"y":0.049460168927907947,"z":-0.01462781336158514,"w":-0.9581786394119263},"size":3.7347781658172609,"orthographic":false}