{"cameraMode":{"drawMode":0,"name":"Shaded","section":"Shading Mode"},"sceneLighting":false,"audioPlay":false,"sceneViewState":{"showFog":true,"showMaterialUpdate":false,"showSkybox":false,"showFlares":true,"showImageEffects":true,"showParticleSystems":true},"in2DMode":false,"pivot":{"x":20.2594051361084,"y":0.007205009460449219,"z":-18.46142578125},"rotation":{"x":-0.1633155196905136,"y":0.5237662196159363,"z":-0.10318518429994583,"w":-0.8297242522239685},"size":8.11606502532959,"orthographic":false}